   AgeBP,   YearCE, JanDays     , FebDays     , MarDays     , AprDays     , MayDays     , JunDays     , JulDays     , AugDays     , SepDays     , OctDays     , NovDays     , DecDays     , JanMid      , FebMid      , MarMid      , AprMid      , MayMid      , JunMid      , JulMid      , AugMid      , SepMid      , OctMid      , NovMid      , DecMid      , JanBeg      , FebBeg      , MarBeg      , AprBeg      , MayBeg      , JunBeg      , JulBeg      , AugBeg      , SepBeg      , OctBeg      , NovBeg      , DecBeg      , JanEnd      , FebEnd      , MarEnd      , AprEnd      , MayEnd      , JunEnd      , JulEnd      , AugEnd      , SepEnd      , OctEnd      , NovEnd      , DecEnd      , VE_day    , ndays
   -6000,     1000,  32.50631807,  29.53643055,  32.44580755,  30.78362376,  30.97394788,  29.18657939,  29.56794155,  29.34274289,  28.60182468,  30.16290517,  30.01414787,  31.87773064,  12.20767292,  43.22904723,  74.22016628, 105.83488194, 136.71366776, 166.79393139, 196.17119186, 225.62653409, 254.59881787, 283.98118279, 314.06970931, 345.01564857,  -4.04548612,  28.46083195,  57.99726250,  90.44307006, 121.22669382, 152.20064170, 181.38722109, 210.95516264, 240.29790553, 268.89973021, 299.06263538, 329.07678325,  28.46083195,  57.99726250,  90.44307006, 121.22669382, 152.20064170, 181.38722109, 210.95516264, 240.29790553, 268.89973021, 299.06263538, 329.07678325, 360.95451388,  80.500000,  365
