   AgeBP,   YearCE, JanDays     , FebDays     , MarDays     , AprDays     , MayDays     , JunDays     , JulDays     , AugDays     , SepDays     , OctDays     , NovDays     , DecDays     , JanMid      , FebMid      , MarMid      , AprMid      , MayMid      , JunMid      , JulMid      , AugMid      , SepMid      , OctMid      , NovMid      , DecMid      , JanBeg      , FebBeg      , MarBeg      , AprBeg      , MayBeg      , JunBeg      , JulBeg      , AugBeg      , SepBeg      , OctBeg      , NovBeg      , DecBeg      , JanEnd      , FebEnd      , MarEnd      , AprEnd      , MayEnd      , JunEnd      , JulEnd      , AugEnd      , SepEnd      , OctEnd      , NovEnd      , DecEnd      , VE_day    , ndays
   -6000,     1950,  32.50631830,  29.53643068,  32.44580757,  30.78362365,  30.97394767,  29.18657914,  29.56794133,  29.34274275,  28.60182466,  30.16290528,  30.01414808,  31.87773090,  11.89517266,  42.91654715,  73.90766628, 105.52238189, 136.40116755, 166.48143095, 195.85869118, 225.31403322, 254.28631692, 283.66868189, 313.75720857, 344.70314806,  -4.35798649,  28.14833181,  57.68476249,  90.13057006, 120.91419371, 151.88814138, 181.07472052, 210.64266185, 239.98540459, 268.58722925, 298.75013453, 328.76428261,  28.14833181,  57.68476249,  90.13057006, 120.91419371, 151.88814138, 181.07472052, 210.64266185, 239.98540459, 268.58722925, 298.75013453, 328.76428261, 360.64201351,  80.187500,  365
