   AgeBP,   YearCE, JanDays     , FebDays     , MarDays     , AprDays     , MayDays     , JunDays     , JulDays     , AugDays     , SepDays     , OctDays     , NovDays     , DecDays     , JanMid      , FebMid      , MarMid      , AprMid      , MayMid      , JunMid      , JulMid      , AugMid      , SepMid      , OctMid      , NovMid      , DecMid      , JanBeg      , FebBeg      , MarBeg      , AprBeg      , MayBeg      , JunBeg      , JulBeg      , AugBeg      , SepBeg      , OctBeg      , NovBeg      , DecBeg      , JanEnd      , FebEnd      , MarEnd      , AprEnd      , MayEnd      , JunEnd      , JulEnd      , AugEnd      , SepEnd      , OctEnd      , NovEnd      , DecEnd      , VE_day    , ndays
   -6000,     1850,  32.50631807,  29.53643055,  32.44580755,  30.78362376,  30.97394788,  29.18657939,  29.56794155,  29.34274289,  28.60182468,  30.16290517,  30.01414787,  31.87773064,  11.64517292,  42.66654723,  73.65766628, 105.27238194, 136.15116776, 166.23143139, 195.60869186, 225.06403409, 254.03631787, 283.41868279, 313.50720931, 344.45314857,  -4.60798612,  27.89833195,  57.43476250,  89.88057006, 120.66419382, 151.63814170, 180.82472109, 210.39266264, 239.73540553, 268.33723021, 298.50013538, 328.51428325,  27.89833195,  57.43476250,  89.88057006, 120.66419382, 151.63814170, 180.82472109, 210.39266264, 239.73540553, 268.33723021, 298.50013538, 328.51428325, 360.39201388,  79.937500,  365
