   AgeBP,   YearCE, JanDays     , FebDays     , MarDays     , AprDays     , MayDays     , JunDays     , JulDays     , AugDays     , SepDays     , OctDays     , NovDays     , DecDays     , JanMid      , FebMid      , MarMid      , AprMid      , MayMid      , JunMid      , JulMid      , AugMid      , SepMid      , OctMid      , NovMid      , DecMid      , JanBeg      , FebBeg      , MarBeg      , AprBeg      , MayBeg      , JunBeg      , JulBeg      , AugBeg      , SepBeg      , OctBeg      , NovBeg      , DecBeg      , JanEnd      , FebEnd      , MarEnd      , AprEnd      , MayEnd      , JunEnd      , JulEnd      , AugEnd      , SepEnd      , OctEnd      , NovEnd      , DecEnd      , VE_day    , ndays
   -6000,     1850,  32.50631830,  29.53643068,  32.44580757,  30.78362365,  30.97394767,  29.18657914,  29.56794133,  29.34274275,  28.60182466,  30.16290528,  30.01414808,  31.87773090,  11.64517266,  42.66654715,  73.65766628, 105.27238189, 136.15116755, 166.23143095, 195.60869118, 225.06403322, 254.03631692, 283.41868189, 313.50720857, 344.45314806,  -4.60798649,  27.89833181,  57.43476249,  89.88057006, 120.66419371, 151.63814138, 180.82472052, 210.39266185, 239.73540459, 268.33722925, 298.50013453, 328.51428261,  27.89833181,  57.43476249,  89.88057006, 120.66419371, 151.63814138, 180.82472052, 210.39266185, 239.73540459, 268.33722925, 298.50013453, 328.51428261, 360.39201351,  79.937500,  365
